{
  "bpr": {
    "frequencies": [
      128.2703857421875,
      22.89374351501465,
      122.1888198852539,
      154.89382934570312,
      304.6261291503906,
      433.75054931640625,
      1215.0731201171875,
      2560,
      5120,
      10240,
      20000
    ],
    "gains": [
      16.615625381469727,
      4.815625190734863,
      -0.18437500298023224,
      5.615624904632568,
      -5.784375190734863,
      6.015625,
      -4.184374809265137,
      0,
      0,
      0,
      0
    ],
    "qs": [
      0.707099974155426,
      0.707099974155426,
      0.707099974155426,
      0.707099974155426,
      0.707099974155426,
      0.707099974155426,
      0.707099974155426,
      0.707099974155426,
      0.707099974155426,
      0.707099974155426,
      0.707099974155426
    ]
  }
}